index,name,team,position,points,pos_rank,drop_off,sd_pts,floor,ceiling,salary,avg_type,avg,value
32,Drew Brees,NOS,QB,18.96835449,9,0.411504492,0.555891236,18.5016,20.282,8500,median,17.94,1.028354492
33,Tom Brady,NEP,QB,17.38100325,15,0.232376963,1.27444296,14.9804,22.81446829,7700,mean,18.77,-1.38899675
34,Josh McCown,PHI,QB,0.979916667,59,0.02617381,0.4418148,0.099444444,12.7676,6000,median,0.56,0.419916667
36,Eli Manning,NYG,QB,2.982333333,48,1.049678846,0.50512182,0.135,20.749,6000,median,0.56,2.422333333
38,Philip Rivers,LAC,QB,14.28778947,27,0.023227867,1.85325,11.9084,18.46799158,7300,mean,17.55,-3.262210526
40,Matt Schaub,ATL,QB,1.1252,55,0.0222375,0.50734572,0.08116,2.2956,6000,median,0.56,0.5652
41,Aaron Rodgers,GBP,QB,18.572,10,0.07115,1.0808154,17.52103,19.8,8100,median,18.29,0.282
43,Ryan Fitzpatrick,MIA,QB,12.58913801,39,1.734169258,2.0689683,10.34159769,16.30050599,7100,median,17.72,-5.130861992
48,Matt Moore,KCC,QB,1.48975,52,0.1640875,0.7086828,0.0831,2.43415,6000,median,0.56,0.92975
50,Matt Ryan,ATL,QB,16.3955837,20,0.034708696,1.596524968,15.1136,19.99131602,7700,mean,18.77,-2.374416304
56,Chase Daniel,CHI,QB,1.246325,54,0.1296375,0.14944608,0.1404,1.6096,6500,median,12.99,-11.743675
57,Brian Hoyer,IND,QB,0.751475,68,0.067158333,0.48451368,0.0844,1.3204,6000,median,0.56,0.191475
67,Andy Dalton,CIN,QB,14.25648728,29,0.073709119,1.6664424,12.27605903,18.47969079,6000,median,0.56,13.69648728
75,Tyrod Taylor,LAC,QB,0.8746375,64,0.0177625,0.49993272,0.09675,3.3944,6000,median,0.56,0.3146375
78,Robert Griffin III,BAL,QB,5.52047619,47,2.991309524,0.84537852,0.0894,29.89095238,6000,median,0.56,4.96047619
79,Ryan Tannehill,TEN,QB,13.92882756,32,0.222702564,0.7235088,13.55842564,15.29048,7300,mean,17.55,-3.621172436
80,Nick Foles,JAC,QB,16.34175,22,0.31665,0.98385336,14.66112884,18.89350245,7500,median,17.08,-0.73825
81,Kirk Cousins,MIN,QB,16.7093,18,0.216710105,1.561848669,15.39339,18.14287,7700,mean,18.77,-2.0607
82,Russell Wilson,SEA,QB,20.10576284,7,0.741585592,2.191986033,18.1944,22.4954888,7900,median,16.99,3.115762838
88,Case Keenum,WAS,QB,0.9275,63,0.06018125,0.5945226,0.005,6.806,6000,median,0.56,0.3675
93,Geno Smith,SEA,QB,1.62590625,51,0.17853125,0.9073512,-0.184,7.863375,6000,median,0.56,1.06590625
94,Matt Barkley,BUF,QB,0.5766625,72,0.0431125,0.1363992,0.0532,0.96188,6000,median,0.56,0.0166625
95,Mike Glennon,OAK,QB,1.405,53,0.2192375,0.51401742,0.09115,11.03222222,6000,median,0.56,0.845
118,Ryan Griffin,TBB,QB,0.5215,74,0.17195,0.4195758,-0.1071,0.5555,5600,median,10.64,-10.1185
119,Ryan Griffin,TBB,QB,0.5215,74,0.17195,0.4195758,-0.1071,0.5555,6000,median,0.56,-0.0385
125,Teddy Bridgewater,NOS,QB,1.09775,57,0.115538889,0.48688584,0.06352,5.3176,6000,median,0.56,0.53775
126,Blake Bortles,LAR,QB,1.108175,56,0.067047222,0.37480128,0.1336,3.3568,6000,median,0.56,0.548175
127,Derek Carr,OAK,QB,13.588,34,0.085225,1.255712074,11.932,15.565,7200,mean,15.86,-2.272
140,Jimmy Garoppolo,SFO,QB,12.88166581,37,0.197096801,2.55941238,10.0195,15.41849,8000,median,18.74,-5.858334195
142,David Fales,NYJ,QB,0.62435,71,0.06321875,0.118608,0,0.72672,6000,median,0.56,0.06435
143,Garrett Gilbert,CLE,QB,0.1285,81,0.096,0.1275036,-0.1037,0.2523,6000,median,0.56,-0.4315
150,Jameis Winston,TBB,QB,17.26500257,16,0.394227574,1.07103024,15.37076005,18.573,7600,mean,18.57,-1.304997426
151,Marcus Mariota,TEN,QB,0.9295,62,0.02843125,0.2579724,0.1096,4.4504,6000,median,0.56,0.3695
152,Brett Hundley,ARI,QB,0.69455,69,0.045333333,0.58236528,0.0896,1.5712,6000,median,0.56,0.13455
153,Sean Mannion,MIN,QB,0.3991,75,0.10125,0.19688928,0.033766667,0.49824,6000,median,0.56,-0.1609
196,Carson Wentz,PHI,QB,17.77025,14,0.447247088,0.733887,14.11667402,19.31285,7300,mean,17.55,0.22025
197,Jared Goff,LAR,QB,15.75253906,25,0.750248368,0.756126,14.44497318,16.71468,7900,median,16.99,-1.237460943
198,Jacoby Brissett,IND,QB,14.27263594,28,0.042100946,0.60223212,12.5506,15.547,7200,mean,15.86,-1.587364064
200,Dak Prescott,DAL,QB,18.5417,11,0.3217,1.823598,16.24740409,20.22037,8200,median,18.92,-0.3783
201,Brandon Allen,DEN,QB,0.984505556,58,0.007304365,0.81365088,0.007444444,1.3096,6600,median,12.6,-11.61549444
202,Jeff Driskel,DET,QB,2.076,49,0.368392388,0.904386,0.12765,4.29105,7000,median,15.58,-13.504
243,Deshaun Watson,HOU,QB,16.58959609,19,0.201804246,2.92502154,13.448,19.38475,7700,mean,18.77,-2.180403906
244,Mitchell Trubisky,CHI,QB,14.16097361,31,0.284434832,0.510089181,13.61,15.82832,6800,median,14.02,0.140973614
245,Patrick Mahomes,KCC,QB,23.91664701,1,0.887423591,1.145644761,21.63133,25.31290876,8600,median,19.16,4.756647006
246,Cooper Rush,DAL,QB,0.2605,78,0.056366667,0.2490768,-0.085,0.3348,6000,median,0.56,-0.2995
288,Taysom Hill,NOS,QB,1.789308974,50,0.231480849,0.65853338,0.66141266,2.373,4700,median,9.4,-7.610691026
293,Josh Allen,BUF,QB,15.8902,24,0.155534519,1.579016094,14.32727776,17.57708,7800,median,17.07,-1.1798
294,Baker Mayfield,CLE,QB,14.2045827,30,0.159682113,0.85901844,12.9149,15.70332,7600,mean,18.57,-4.365417298
295,Josh Rosen,MIA,QB,0.8315,67,0.1084875,0.1601208,0.106,1.08,6000,median,0.56,0.2715
296,Sam Darnold,NYJ,QB,15.71679191,26,1.4365792,0.97451298,14.32985895,16.834,7600,mean,18.57,-2.853208095
297,Lamar Jackson,BAL,QB,23.41844683,2,0.838446831,1.768114842,20.82377,28.0874,8700,median,19.28,4.138446831
298,Mason Rudolph,PIT,QB,0.933,61,0.0045,0.5752488,0.11568,2.9098,6200,median,12.89,-11.957
357,Tim Boyle,GBP,QB,0.2525,79,0.110366667,0.5011188,-0.0784,0.6378,6000,median,0.56,-0.3075
358,Kyle Allen,CAR,QB,13.54555,35,0.374717097,1.53093276,12.14700548,15.727,7200,mean,15.86,-2.31445
368,Nick Mullens,SFO,QB,0.674083333,70,0.073577083,0.31994508,0.05524,1.402266667,6000,median,0.56,0.114083333
371,Kyler Murray,ARI,QB,17.03225,17,0.382801953,2.6746104,12.52344689,19.39722,7700,mean,18.77,-1.73775
373,Daniel Jones,NYG,QB,13.82425,33,0.257475,0.711648,13.182,15.84305,7400,median,17.26,-3.43575
374,Will Grier,CAR,QB,0.5456,73,0.0853,0.3736152,0.038,0.65888,6000,median,0.56,-0.0144
375,Jarrett Stidham,NEP,QB,0.155766667,80,0.074016667,0.37065,-0.314666667,0.44544,6000,median,0.56,-0.404233333
376,Ryan Finley,CIN,QB,0.85375,66,0.0622625,0.3024504,0.1004,2.5844,6400,median,11.96,-11.10625
377,David Blough,DET,QB,8.823724517,46,4.572319755,3.2261376,5.288,11.63223923,6000,median,0.56,8.263724517
437,Devlin Hodges,PIT,QB,11.2099375,40,0.86517133,1.045418325,9.4094875,12.7394875,6800,median,14.02,-2.8100625
42,Frank Gore,BUF,RB,5.038204913,60,0.188204913,0.659757,4.3727,12.02011109,5400,mean,6.49,-1.451795087
45,Adrian Peterson,WAS,RB,5.77060113,53,0.182574878,0.998133798,3.83495,14.56687535,5800,mean,8.25,-2.47939887
53,LeSean McCoy,KCC,RB,9.69927995,27,0.067693749,0.751101015,8.498872514,16.49710111,5800,mean,8.25,1.44927995
69,Taiwan Jones,HOU,RB,0.056,165,0.006,0.0237216,0.006,0.4916,4500,median,0,0.056
70,Bilal Powell,NYJ,RB,2.712504736,88,0.015736314,0.452193,2.109318977,5.153759121,4900,mean,4.5,-1.787495264
71,Anthony Sherman,KCC,RB,0.383,149,0.050705645,0.1245384,0.289487825,0.6675,4500,median,0,0.383
72,Dion Lewis,TEN,RB,2.544745131,93,0.094745131,0.88956,1.58,3.64008263,4700,mean,3.31,-0.765254869
86,Brandon Bolden,NEP,RB,1.418170324,115,0.019327556,0.842327434,0.7164,3.843988285,4500,median,0,1.418170324
91,Jamize Olawale,DAL,RB,0.161,160,0.0549375,0.0615279,0.02,0.195,4500,median,0,0.161
96,Kenjon Barner,ATL,RB,0.64375,136,0.065382826,0.384785277,0.265693177,0.9214,5100,median,3.4,-2.75625
97,Rex Burkhead,NEP,RB,3.858487011,73,0.090913588,0.8020866,2.612,5.023913526,5400,mean,6.49,-2.631512989
98,Chris Thompson,WAS,RB,4.066559328,71,0.137315823,0.340998,3.328710616,4.601,5200,mean,6.11,-2.043440672
99,Le'Veon Bell,NYJ,RB,13.575,16,0.437183915,1.4840826,10.15011006,15.9812,7300,median,11.55,2.025
100,Giovani Bernard,CIN,RB,3.540614758,77,0.023664758,0.601550736,3.02375,7.727448371,4700,mean,3.31,0.230614758
113,Kyle Juszczyk,SFO,RB,1.305,118,0.055,0.5344773,0.80825,1.98,4600,mean,2.58,-1.275
115,Latavius Murray,NOS,RB,7.414765313,40,0.180234339,1.0689546,5.084,9.8787,6200,median,9.6,-2.185234687
129,Carlos Hyde,HOU,RB,7.658867729,37,0.141308419,0.985230818,5.844241275,9.357,6000,median,7.85,-0.191132271
131,Devonta Freeman,ATL,RB,8.84325,32,0.302948294,2.431464,6.468758595,11.634,6200,median,9.6,-0.75675
138,James White,NEP,RB,7.681608486,36,0.084615311,0.474432,7.1241,11.536,6000,median,7.85,-0.168391514
147,Senorise Perry,BUF,RB,0.112125,161,0.012125,0.0904386,0.00675,0.4704,4500,median,0,0.112125
148,Keith Smith,ATL,RB,0.215433468,157,0.030627912,0.142198079,0.0206,0.3424,4500,median,0,0.215433468
154,Tevin Coleman,SFO,RB,9.07241349,31,0.260853636,0.711648,7.705971569,10.65695,6100,mean,9.74,-0.66758651
155,Jay Ajayi,PHI,RB,4.1695,70,0.136220336,0.7620564,1.715,5.378781055,4800,mean,4.21,-0.0405
156,Ameer Abdullah,MIN,RB,0.770589256,127,0.02444506,0.186390032,0.6175,1.028359177,4800,mean,4.21,-3.439410744
157,Duke Johnson,HOU,RB,5.884268655,52,0.146686121,0.5960052,5.024,6.3582,5400,mean,6.49,-0.605731345
158,Javorius Allen,NYG,RB,0.548007075,138,0.006507075,0.333585,0.039459906,0.86565,4500,median,0,0.548007075
159,Mike Davis,CAR,RB,0.698041667,132,0.024093553,0.4885167,0.14825,1.42975,4500,median,0,0.698041667
160,David Johnson,ARI,RB,4.515,65,0.13723137,1.7516919,1.63625,7.449696512,5700,median,6.3,-1.785
178,Ty Montgomery,NYJ,RB,1.62735286,109,0.04035286,0.707859979,0.765,2.28475,4600,mean,2.58,-0.95264714
183,Michael Burton,WAS,RB,0.06125,163,0.00325,0.0385476,0.00165,0.1183,4500,median,0,0.06125
185,Malcolm Brown,LAR,RB,2.693536843,90,0.093342045,1.082298,1.671,4.141999164,4900,mean,4.5,-1.806463157
190,Raheem Mostert,SFO,RB,4.59197397,64,0.088458463,0.9088338,3.1481,6.1699,4800,mean,4.21,0.38197397
203,Ezekiel Elliott,DAL,RB,15.48242336,4,0.385923363,1.188285637,14.16245,16.8817,8400,median,13.55,1.932423363
204,Derrick Henry,TEN,RB,13.93975,13,0.158110548,2.0007687,10.03891365,17.16465,8600,median,16.1,-2.16025
206,Devontae Booker,DEN,RB,0.829111111,125,0.058316483,0.671660547,0.2764,1.631405767,4500,median,0,0.829111111
207,Kenyan Drake,ARI,RB,9.543897344,30,0.586065599,0.698370315,8.5166,13.1641,6400,median,8.1,1.443897344
209,Jonathan Williams,IND,RB,10.28470871,26,0.607568735,0.439094466,7.789,13.6592,6800,median,9.9,0.38470871
211,Peyton Barber,TBB,RB,4.492031014,66,0.25717051,2.07564,2.672,6.342786838,5400,mean,6.49,-1.997968986
229,Derek Watt,LAC,RB,0.292875661,152,0.019170202,0.124907089,0.221750265,0.5494,4500,median,0,0.292875661
231,Dwayne Washington,NOS,RB,0.466452128,146,0.006967872,0.531170366,0.0076,1.1376,4500,median,0,0.466452128
232,DeAndre Washington,OAK,RB,2.622572696,91,0.06129168,0.51891,2.032,3.205490294,5000,mean,4.88,-2.257427304
233,Jalen Richard,OAK,RB,3.735146845,75,0.164839466,1.126776,2.738,5.140408164,5000,mean,4.88,-1.144853155
236,C.J. Ham,MIN,RB,0.879495614,124,0.079440058,0.280171035,0.4695,1.216486387,4500,median,0,0.879495614
237,Troymaine Pope,LAC,RB,0.28791092,153,0.03416092,0.311346,0.026354023,0.456,5000,mean,4.88,-4.59208908
242,J.D. McKissic,DET,RB,3.22672051,82,0.02672051,0.3321024,2.505,3.786137807,5200,mean,6.11,-2.88327949
247,Dalvin Cook,MIN,RB,17.1825,2,1.491288318,0.6619809,13.74660797,18.67975,8400,median,13.55,3.6325
248,Leonard Fournette,JAC,RB,14.958,6,0.358,1.1393781,12.97442802,17.29045,7600,median,13.7,1.258
249,Christian McCaffrey,CAR,RB,21.52273026,1,4.981480264,1.275036,20.04514157,22.743,11000,median,19.15,2.372730264
250,Joe Mixon,CIN,RB,10.48065926,25,0.488664931,1.26513004,8.9205,12.12755,6500,median,9.8,0.680659261
251,Alvin Kamara,NOS,RB,15.235,5,0.456,0.6100899,14.476,16.8505,8300,median,15.7,-0.465
252,Kareem Hunt,CLE,RB,6.905521012,45,0.155521012,1.03782,5.453805189,7.9716,5900,median,8,-1.094478988
253,Jamaal Williams,GBP,RB,7.269061949,41,0.080445855,0.254314466,6.269,8.0941,5600,median,6.5,0.769061949
254,T.J. Logan,TBB,RB,0.505,144,0.036773936,0.243678762,0.195320463,0.7695,4500,median,0,0.505
255,Dare Ogunbowale,TBB,RB,2.172744087,100,0.052916618,0.7205436,1.785528104,3.0025,4700,mean,3.31,-1.137255913
269,Elijhaa Penny,NYG,RB,0.510029949,143,0.022529949,0.3573066,0.1085,1.315044924,4500,median,0,0.510029949
270,Brian Hill,ATL,RB,2.91538048,85,0.06538048,0.946413024,1.753,4.127842788,5500,mean,7.21,-4.29461952
274,Tarik Cohen,CHI,RB,7.53511862,38,0.03511862,1.296567401,6.2845,11.688,6400,median,8.1,-0.56488138
277,Aaron Jones,GBP,RB,13.91675,14,0.305985548,0.7286979,12.12338475,15.65905,8000,median,13.9,0.01675
279,Chris Carson,SEA,RB,11.27628072,22,0.448710285,1.0741437,10.5545,13.43825,7200,median,9.4,1.876280715
285,Austin Ekeler,LAC,RB,8.300733704,34,0.591929461,1.211760578,6.774,9.8582,6700,median,10.7,-2.399266296
290,Trey Edmunds,PIT,RB,2.064,103,0.114,0.5018601,1.063843787,2.58925,4800,mean,4.21,-2.146
299,Saquon Barkley,NYG,RB,14.50096453,8,0.25096453,0.7939323,13.897,15.68365,7600,median,13.7,0.80096453
300,Derrius Guice,WAS,RB,7.177232188,43,0.153313805,0.896973,6.298,8.1533,5400,mean,6.49,0.687232188
301,Sony Michel,NEP,RB,9.655,28,0.078965128,1.221876654,8.0155,11.5012,6600,median,8.85,0.805
302,Rashaad Penny,SEA,RB,6.013338599,50,0.071204272,0.697855784,5.2825,7.2219,6100,mean,9.74,-3.726661401
303,Nick Chubb,CLE,RB,13.6465289,15,0.102278904,1.4566545,12.29169245,15.475,8200,median,12.3,1.346528904
305,Jaylen Samuels,PIT,RB,5.116943049,59,0.097840593,1.020483401,4.206508013,6.4963,5500,mean,7.21,-2.093056951
306,Phillip Lindsay,DEN,RB,10.92066241,23,0.313093559,1.256295431,9.5355,13.84175,6300,median,10.4,0.520662413
307,Bo Scarbrough,DET,RB,7.142315754,44,0.239555248,1.074885,5.635,9.0695,6100,mean,9.74,-2.597684246
308,Royce Freeman,DEN,RB,5.430836067,56,0.128239489,0.907861609,4.366,6.35470328,5300,median,4.6,0.830836067
310,Kalen Ballage,MIA,RB,5.471488565,55,0.056070532,0.420032806,4.118,7.1251,5300,median,4.6,0.871488565
311,Nyheim Hines,IND,RB,5.205193155,58,0.127619173,1.411772316,3.847331785,6.9064,5500,mean,7.21,-2.004806845
312,Darrel Williams,KCC,RB,5.704563938,54,0.253401622,0.4136454,4.560076726,6.994,5400,mean,6.49,-0.785436062
340,Chase Edmonds,ARI,RB,4.263506246,67,0.060398866,1.964407958,2.730317489,5.849,5000,mean,4.88,-0.616493754
344,Jordan Wilkins,IND,RB,2.139654938,101,0.039654938,0.8806644,1.5605,4.241,4700,mean,3.31,-1.170345062
348,Boston Scott,PHI,RB,1.574,111,0.051718501,0.554979496,0.8985,2.18675,5200,mean,6.11,-4.536
349,Ryan Nall,CHI,RB,0.737919094,129,0.028169094,0.563388,0.375302866,1.398,4500,median,0,0.737919094
350,Gus Edwards,BAL,RB,4.20621476,68,0.02146476,0.3943716,3.2795,5.0648,5400,mean,6.49,-2.28378524
355,Mike Boone,MIN,RB,0.169611111,159,0.033048611,0.166435578,0.0084,0.6944,4500,median,0,0.169611111
356,Dontrell Hilliard,CLE,RB,0.518,142,0.010485025,0.266265694,0.152,1.407296875,4600,mean,2.58,-2.062
363,Buddy Howell,HOU,RB,0.30458871,151,0.014195419,0.224868971,0.005,0.61525,4500,median,0,0.30458871
366,De'Lance Turner,MIA,RB,0.5475,139,0.01725,0.289107,0.056,0.928,4500,median,0,0.5475
378,David Montgomery,CHI,RB,9.608172401,29,0.300016984,0.822843,7.502,10.43195,5900,median,8,1.608172401
379,Josh Jacobs,OAK,RB,13.5135,17,1.132433915,1.0296657,10.3372342,16.9135,7700,median,10.1,3.4135
382,Trayveon Williams,CIN,RB,0.7195,130,0.020479167,0.578214,0.0014,1.119,4500,median,0,0.7195
383,Miles Sanders,PHI,RB,11.70325,20,0.410609642,2.9103438,8.8346881,15.7124,5800,mean,8.25,3.45325
384,Devin Singletary,BUF,RB,10.73447845,24,0.351794463,1.4440524,9.6712,13.18250811,6600,median,8.85,1.884478448
385,Myles Gaskin,MIA,RB,2.232340631,99,0.076141118,1.0734024,0.787936252,3.407,4600,mean,2.58,-0.347659369
386,Travis Homer,SEA,RB,0.754369298,128,0.025659751,0.452193,0.005695789,1.579,4500,median,0,0.754369298
387,Tony Pollard,DAL,RB,3.4156876,80,0.139210517,0.47290527,2.7429,4.085,5200,mean,6.11,-2.6943124
388,Justice Hill,BAL,RB,1.76502556,107,0.117331152,0.5544924,1.041,2.2682,4500,median,0,1.76502556
389,Ryquell Armstead,JAC,RB,2.577816901,92,0.055444336,0.154766597,1.08780568,2.9925,4500,median,0,2.577816901
390,Ty Johnson,DET,RB,2.304314694,96,0.034564694,0.66717,1.395,4.2225,4900,mean,4.5,-2.195685306
391,Devine Ozigbo,JAC,RB,0.45875639,148,0.08725639,0.305425073,0.0195,0.774101917,4500,median,0,0.45875639
392,Qadree Ollison,ATL,RB,1.863622093,106,0.147091335,1.808772,0.207041675,2.7248,5800,mean,8.25,-6.386377907
418,Alexander Mattison,MIN,RB,3.326233658,81,0.112873403,0.439527796,2.698,4.103437231,4800,mean,4.21,-0.883766342
422,Darwin Thompson,KCC,RB,1.397685537,117,0.095185537,0.214977,1.0156,1.7595,4500,median,0,1.397685537
427,D'Ernest Johnson,CLE,RB,0.5355,140,0.014,0.3365502,0.1546,1.1246,4500,median,0,0.5355
430,Alec Ingold,OAK,RB,0.525,141,0.010985025,0.274281,0.3585,0.6915,4500,median,0,0.525
431,Reggie Bonnafon,CAR,RB,0.36,150,0.061267814,0,0.36,0.36,4500,median,0,0.36
436,Patrick Laird,MIA,RB,3.5339,78,0.0760562,0.70097328,2.635,4.36552,4900,mean,4.5,-0.9661
37,Larry Fitzgerald,ARI,WR,6.514,49,0.27275,0.555975,5.473,11.687,5700,mean,9.03,-2.516
46,Ted Ginn Jr.,NOS,WR,4.497,66,0.1575,0.800604,2.775,5.60025,5200,mean,5.9,-1.403
51,Danny Amendola,DET,WR,4.4225,67,0.175125,1.0467156,3.43625,5.4837,5400,mean,7.18,-2.7575
55,Julian Edelman,NEP,WR,11.2655,8,0.127118733,2.060814,8.292,14.244,7500,median,11,0.2655
59,Demaryius Thomas,NYJ,WR,5.5555,56,0.032916667,1.215732,3.65,11.5455,5200,mean,5.9,-0.3445
60,Emmanuel Sanders,SFO,WR,6.5875,48,0.19525,0.9733269,5.01,10.7675,6400,median,8,-1.4125
61,Andre Roberts,BUF,WR,0.867693069,127,0.113318069,0.593495055,0.302346535,3.68025,4500,median,0,0.867693069
65,Randall Cobb,DAL,WR,6.2705,50,0.11525,1.275036,4.787,7.5204,6000,mean,9.57,-3.2995
83,Alshon Jeffery,PHI,WR,9.624125,18,0.066140919,1.5174411,6.88005,11.72,6500,median,9,0.624125
84,Mohamed Sanu,NEP,WR,5.318,59,0.503281069,0.800604,3.84,6.0599,5800,mean,8.61,-3.292
85,Jarius Wright,CAR,WR,2.225,99,0.0355,0.44478,1.575,2.751,4600,mean,3.33,-1.105
89,Josh Gordon,SEA,WR,4.23825,69,0.120875,1.200906,2.7345,11.85335,4800,mean,4.37,-0.13175
90,Cole Beasley,BUF,WR,6.0635,53,0.2845,0.8828883,3.445,7.1573,5800,mean,8.61,-2.5465
101,Tavon Austin,DAL,WR,2.2205,100,0.08575,1.082298,1.137,7.510839763,4500,median,0,2.2205
102,Keenan Allen,LAC,WR,9.324858162,24,0.23537922,1.230558,7.22,13.308,6800,median,8,1.324858162
103,Cordarrelle Patterson,CHI,WR,1.51425,114,0.0485,0.385476,0.712,8.852,4600,mean,3.33,-1.81575
104,Kenny Stills,HOU,WR,4.114,71,0.17975,1.1534628,3.17,5.2575,5000,mean,5.66,-1.546
105,Robert Woods,LAR,WR,8.453,29,0.057875,0.9540531,5.406,10.64185,7100,median,10,-1.547
106,DeAndre Hopkins,HOU,WR,9.346,23,0.116070919,1.897728,4.54,12.0466,8300,median,15,-5.654
107,Marquise Goodwin,SFO,WR,1.7265,109,0.061076923,1.541904,0.30625,4.1975,4800,mean,4.37,-2.6435
121,Jaron Brown,SEA,WR,1.4355,116,0.042940422,1.097124,0.0762,3.43,4600,mean,3.33,-1.8945
130,De'Anthony Thomas,BAL,WR,0.5045,142,0.0195,0.489258,0.052,1.083,4500,median,0,0.5045
132,Sammy Watkins,KCC,WR,7.35825,40,0.158875,1.690164,5.581,8.9994,6100,mean,9.24,-1.88175
133,Mike Evans,TBB,WR,12.726,3,0.451375,1.1727366,11.61,15.9835,7700,median,13,-0.274
134,Brandin Cooks,LAR,WR,7.5575,37,0.08425,0.4507104,5.075,8.4844,6700,median,10,-2.4425
135,Davante Adams,GBP,WR,12.05925,5,0.595324517,1.2098016,9.84145,15.087,8000,median,12,0.05925
136,Donte Moncrief,CAR,WR,0.4815,144,0.04175,0.4136454,0.1064,1.8258,4500,median,0,0.4815
137,Jarvis Landry,CLE,WR,10.075,12,0.078536862,0.6123138,8.4091,13.1029,7400,median,10,0.075
139,Cody Latimer,NYG,WR,3.16125,84,0.107875,0.711648,2.519,4.4577,4600,mean,3.33,-0.16875
141,John Brown,BUF,WR,9.52875,20,0.114236963,0.3810282,8.665,11.945,6600,median,9,0.52875
144,Albert Wilson,MIA,WR,3.9025,73,0.18156338,0.978516,2.08,5.102,4700,mean,4.08,-0.1775
145,Allen Hurns,MIA,WR,4.71325,62,0.087385271,0.934038,3.281,5.5536,5100,mean,5.43,-0.71675
161,Amari Cooper,DAL,WR,9.95325,14,0.12575,0.644931,8.058,11.21815,7900,median,12,-2.04675
162,DeVante Parker,MIA,WR,9.48,21,0.132486963,0.9014208,8.7083,12.487,6000,mean,9.57,-0.09
163,Nelson Agholor,PHI,WR,4.811187861,61,0.130448132,1.349166,3.7669,5.754,4800,mean,4.37,0.441187861
165,Jamison Crowder,NYJ,WR,8.433,30,0.17475,0.874734,7.0418,12.238,6300,median,9,-0.567
166,Justin Hardy,ATL,WR,2.428,96,0.10325,0.4062324,1.78,3.068,4600,mean,3.33,-0.902
167,Stefon Diggs,MIN,WR,10.415,11,0.357661862,0.7872606,9.8545,12.8445,7900,median,12,-1.585
168,Tyler Lockett,SEA,WR,11.292,7,0.037828603,2.1935067,9.4605,14.7405,7000,median,10,1.292
169,Breshad Perriman,TBB,WR,3.02775,86,0.055,0.474432,2.3143,3.5238,4900,mean,4.87,-1.84225
177,Chris Conley,JAC,WR,6.212,51,0.131,1.097124,4.731,7.269,6000,mean,9.57,-3.358
186,Tyrell Williams,OAK,WR,8.10025,33,0.359625,0.9221772,6.6407,11.627,6200,median,8,0.10025
187,DeAndre Carter,HOU,WR,1.091,122,0.050125,0.474432,0.4296,2.2296,4500,median,0,1.091
188,DeAndrew White,CAR,WR,0.307,153,0.0245,0.207564,0.084,0.6852,4500,median,0,0.307
189,Jake Kumerow,GBP,WR,2.282,98,0.05925,0.6249159,1.623,3.105,4900,mean,4.87,-2.588
191,Damiere Byrd,ARI,WR,0.34275,150,0.01525,0.237216,0.10665,0.9115,4600,mean,3.33,-2.98725
192,Seth Roberts,BAL,WR,2.111,102,0.07375,0.066717,2.0162,2.769,4700,mean,4.08,-1.969
193,Adam Humphries,TEN,WR,4.12075,70,0.08075,0.533736,3.366,4.6139,5300,mean,6.76,-2.63925
212,Laquon Treadwell,MIN,WR,0.954,125,0.043528465,0.6938568,0.271,2.0616,4700,mean,4.08,-3.126
213,Tyler Boyd,CIN,WR,9.043957885,26,0.370082885,0.429954,7.779,12.3285,6000,mean,9.57,-0.526042115
214,Michael Thomas,NOS,WR,15.164,1,1.512375,1.3469421,13.252,17.4415,9200,median,15,0.164
215,Rashard Higgins,CLE,WR,1.9455,106,0.1445,0.5285469,1.5625,3.09075,4500,median,0,1.9455
217,Sterling Shepard,NYG,WR,8.76225,27,0.243,0.6686526,6.958,12.034,5900,median,8,0.76225
218,Pharoh Cooper,ARI,WR,2.3675,97,0.114,0.44478,1.8988,3.1016,5100,mean,5.43,-3.0625
219,Geronimo Allison,GBP,WR,3.17625,83,0.056125,0.8020866,2.617,4.0292,4900,mean,4.87,-1.69375
220,Mike Thomas,LAR,WR,0.10825,161,0.02125,0.059304,0.012,0.7766,4500,median,0,0.10825
225,Chris Moore,BAL,WR,0.3785,147,0.03125,0.237216,0.0744,0.6484,4600,mean,3.33,-2.9515
226,Demarcus Robinson,KCC,WR,4.2565,68,0.077,1.3202553,2.87725,5.3025,4600,mean,3.33,0.9265
227,Trevor Davis,OAK,WR,1.666346154,110,0.012346154,0.597715892,0.611673077,2.59075,4500,median,0,1.666346154
228,Tyreek Hill,KCC,WR,14.57725,2,1.96925,1.8925389,11.8085,16.3635,8300,median,15,-0.42275
230,Cody Core,NYG,WR,0.6545,135,0.049,0.0237216,0.2632,0.6992,4500,median,0,0.6545
234,Alex Erickson,CIN,WR,4.648229458,63,0.058979458,0.400302,3.288,5.4962,4700,mean,4.08,0.568229458
235,Johnny Holton,PIT,WR,1.10975,121,0.025375,0.3973368,0.54,3.03,4900,mean,4.87,-3.76025
238,Robby Anderson,NYJ,WR,6.673,46,0.0625,1.171254,4.7976,7.884,6100,mean,9.24,-2.567
239,Chester Rogers,IND,WR,3.636176724,75,0.106472216,0.320880652,3.16,4.6695,5200,mean,5.9,-2.263823276
241,Kalif Raymond,TEN,WR,0.95325,126,0.132278465,0.289107,0.55445,1.638,4700,mean,4.08,-3.12675
256,Corey Davis,TEN,WR,6.0985,52,0.15525,0.696822,4.552,6.8345,5200,mean,5.9,0.1985
257,Mike Williams,LAC,WR,7.25475,41,0.145875,1.0719198,5.779,8.3657,5700,mean,9.03,-1.77525
258,Curtis Samuel,CAR,WR,7.144,42,0.132666812,1.3906788,5.037,8.4772,5800,mean,8.61,-1.466
259,Dede Westbrook,JAC,WR,7.4235,39,0.117,0.511497,6.2981,11.538,5700,mean,9.03,-1.6065
260,Isaiah Ford,MIA,WR,1.124,120,0.023625,1.0274418,0.4293,1.9233,4500,median,0,1.124
261,Chris Godwin,TBB,WR,12.49,4,0.642449517,0.6812547,11.6774,14.9185,8200,median,10,2.49
262,Cooper Kupp,LAR,WR,11.63585097,6,0.357100966,1.1238108,10.2044,14.185,7800,median,12,-0.364149034
263,Josh Reynolds,LAR,WR,2.429733161,95,0.031983161,1.423296,1.082,3.648493264,5300,mean,6.76,-4.330266839
264,Zay Jones,OAK,WR,3.29775,81,0.06175,0.6367767,2.40775,4.181,4700,mean,4.08,-0.78225
272,Kenny Golladay,DET,WR,7.7195,36,0.17925,0.7168371,6.61955,9.71155,7100,median,10,-2.2805
273,Mack Hollins,PHI,WR,1.004,124,0.050375,0.4951884,0.428,1.4784,4500,median,0,1.004
276,Isaiah McKenzie,BUF,WR,2.84075,89,0.116,1.267623,1.485,3.98175,4800,mean,4.37,-1.52925
278,David Moore,SEA,WR,2.5675,93,0.11100842,0.5678358,1.858,3.5032,4700,mean,4.08,-1.5125
280,Tim Patrick,DEN,WR,3.551409016,76,0.069909016,1.245384,1.519,4.87069541,5100,mean,5.43,-1.878590984
282,Marcus Johnson,IND,WR,3.966,72,0.111901742,0.5693184,3.028,4.4252,4900,mean,4.87,-0.904
286,Keelan Cole,JAC,WR,3.079,85,0.069875,0.2624202,2.71525,4.4185,5100,mean,5.43,-2.351
287,Kendrick Bourne,SFO,WR,2.8265,90,0.215,0.4269888,2.509,3.4366,4600,mean,3.33,-0.5035
291,Zach Pascal,IND,WR,6.6335,47,0.08275,0.8317386,5.3453,9.331,5400,mean,7.18,-0.5465
313,Calvin Ridley,ATL,WR,11.03391974,10,0.78891974,1.55673,9.69,13.999,6500,median,9,2.03391974
314,Courtland Sutton,DEN,WR,9.691890244,17,0.086218663,0.4069737,7.97385,12.1485,6600,median,9,0.691890244
315,James Washington,PIT,WR,6.807,45,0.15375,0.696822,5.8265,8.612,6200,median,8,-1.193
316,Allen Lazard,GBP,WR,3.805696515,74,0.211903645,0.3209829,2.665,4.37075,5400,mean,7.18,-3.374303485
317,Christian Kirk,ARI,WR,9.587218163,19,0.082843163,1.022994,8.583855428,12.488,6100,mean,9.24,0.347218163
318,Deon Cain,PIT,WR,1.496,115,0.065690422,0.756126,0.7962,2.2372,4800,mean,4.37,-2.874
319,Braxton Berrios,NYJ,WR,0.543,139,0.019625,0.200151,0.277,0.8346,4500,median,0,0.543
320,Anthony Miller,CHI,WR,5.535916667,57,0.122291667,0.4363786,4.861,6.2153,5300,mean,6.76,-1.224083333
321,Auden Tate,CIN,WR,5.735,55,0.189291667,0.770952,3.641,6.6713,5200,mean,5.9,-0.165
322,Javon Wims,CHI,WR,2.9905,87,0.092625,0.2490768,1.2925,3.85975,4500,median,0,2.9905
323,Tre'Quan Smith,NOS,WR,3.455,78,0.122,0.207564,2.0358,5.3396,4500,median,0,3.455
324,Michael Gallup,DAL,WR,9.135,25,0.231896058,0.7101654,8.153,12.868,6800,median,8,1.135
325,Marcell Ateman,OAK,WR,0.77425,128,0.0455,0.3491523,0.45215,1.21665,4500,median,0,0.77425
326,DaeSean Hamilton,DEN,WR,1.6435,112,0.066375,0.4062324,1.163,3.1545,4700,mean,4.08,-2.4365
327,Robert Foster,BUF,WR,1.425119155,117,0.170119155,0.104876619,1.1584,2.012,4900,mean,4.87,-3.444880845
329,Trey Quinn,WAS,WR,3.3055,80,0.00875,0.882147,2.4525,4.172,4700,mean,4.08,-0.7745
330,Malik Turner,SEA,WR,2.092,103,0.1145,0.4462626,1.6532,2.3822,4900,mean,4.87,-2.778
343,Justin Watson,TBB,WR,0.6035,137,0.032,0.4062324,0.2066,1.5068,4500,median,0,0.6035
345,Marquez Valdes-Scantling,GBP,WR,3.508,77,0.10025,2.2579998,1.8681,5.48,5400,mean,7.18,-3.672
346,Damion Ratley,CLE,WR,0.20325,156,0.03825,0.192738,0.0112,1.1772,4500,median,0,0.20325
347,Russell Gage,ATL,WR,5.50925,58,0.441125,1.386231,4.43,7.299,5400,mean,7.18,-1.67075
351,Cody Hollister,TEN,WR,0.42,146,0.056,0.355824,0.024,0.564,4500,median,0,0.42
353,Byron Pringle,KCC,WR,0.70675,132,0.018375,0.170499,0.518,1.04195,4600,mean,3.33,-2.62325
354,Greg Ward,PHI,WR,1.6645,111,0.02275,0.563388,0.295,2.1219,5300,mean,6.76,-5.0955
360,Vyncint Smith,NYJ,WR,1.15,119,0.033125,0.6019356,0.322,1.7298,4600,mean,3.33,-2.18
361,Trent Sherfield,ARI,WR,0.7345,129,0.013,0.0800604,0.3962,1.572,4500,median,0,0.7345
362,Cam Sims,WAS,WR,0.4595,145,0.06025,0.1467774,0.362,0.5591,4500,median,0,0.4595
367,KhaDarel Hodge,CLE,WR,0.723,130,0.009625,0.311346,0.276,0.9698,4800,mean,4.37,-3.647
370,Chris Lacy,DET,WR,0.6075,136,0.00575,0.0704235,0.56475,0.65025,4500,median,0,0.6075
393,N'Keal Harry,NEP,WR,3.3605,79,0.058875,0.652344,1.8844,4.1182,5500,median,6,-2.6395
394,DK Metcalf,SEA,WR,8.35725,31,0.2275,0.274281,7.1313,11.5865,6300,median,9,-0.64275
395,Riley Ridley,CHI,WR,0.115,160,0.015375,0.1141602,0.0046,0.7728,4500,median,0,0.115
396,A.J. Brown,TEN,WR,7.734,35,0.0955,1.0793328,5.649,11.324,5300,mean,6.76,0.974
397,Marquise Brown,BAL,WR,8.15925,32,0.2355,0.9918594,7.0417,10.919,5600,mean,7.22,0.93925
398,JJ Arcega-Whiteside,PHI,WR,1.9725,105,0.0985,0.6367767,1.10325,3.083,4900,mean,4.87,-2.8975
399,Terry McLaurin,WAS,WR,8.5855,28,0.1425,0.3914064,7.341,12.169,5800,mean,8.61,-0.0245
401,Mecole Hardman,KCC,WR,4.6035,64,0.0675,0.8925252,3.5435,7.325,5600,mean,7.22,-2.6165
402,Kelvin Harmon,WAS,WR,2.955,88,0.121375,1.40847,1.4335,4.036,4800,mean,4.37,-1.415
403,Andy Isabella,ARI,WR,2.48325,94,0.05438342,0.2016336,1.71,3.028,4900,mean,4.87,-2.38675
404,Darius Slayton,NYG,WR,7.523,38,0.132125,1.7161095,5.75,9.38125,6300,median,9,-1.477
406,Miles Boykin,BAL,WR,1.9825,104,0.0235,0.570801,1.6475,2.575,4700,mean,4.08,-2.0975
407,Jakobi Meyers,NEP,WR,1.7995,108,0.103076923,1.1749605,0.7555,3.9625,5100,mean,5.43,-3.6305
408,Stanley Morgan,CIN,WR,0.345,149,0.003625,0.266868,0.1305,0.98575,4500,median,0,0.345
409,Deebo Samuel,SFO,WR,7.07375,43,0.195791812,1.512252,5.3265,11.1122,5600,mean,7.22,-0.14625
417,Diontae Johnson,PIT,WR,5.823,54,0.17775,0.711648,4.766,6.8651,5300,mean,6.76,-0.937
423,Olabisi Johnson,MIN,WR,2.623,91,0.03925,0.29652,2.136,4.764,5000,mean,5.66,-3.037
424,Ashton Dulin,IND,WR,0.535,140,0.026875,0.207564,0.234,1.368,4500,median,0,0.535
425,Keelan Doss,OAK,WR,1.8025,107,0.0395,1.660512,0.14,2.754,4600,mean,3.33,-1.5275
428,Andre Patton,LAC,WR,0.2,157,0.0725,0,0.2,0.2,4500,median,0,0.2
429,Damion Willis,CIN,WR,0.3495,148,0.005625,0.2253552,0.0732,0.849,4500,median,0,0.3495
433,Deonte Harris,NOS,WR,0.265,155,0.063375,0.155673,0.1705,0.3595,4500,median,0,0.265
434,Diontae Spencer,DEN,WR,0.04,164,0.02,0,0.04,0.04,4600,mean,3.33,-3.29
435,Olamide Zaccheaus,ATL,WR,0.315,152,0.0115,0.244629,0.1665,0.4635,4500,median,0,0.315
35,Jason Witten,DAL,TE,4.83175,13,0.118606959,0.81543,3.5105,11.07,5500,mean,7.67,-2.83825
39,Ben Watson,NEP,TE,2.7325,30,0.307375,0.8176539,1.647,3.59705,5200,median,5,-2.2675
44,Marcedes Lewis,GBP,TE,1.16275,53,0.0815,0.6938568,0.2225,2.953,4000,median,0,1.16275
47,Greg Olsen,CAR,TE,6.9325,8,0.7805,1.33434,5.49,11.74,5100,mean,5.92,1.0125
54,Jared Cook,NOS,TE,8.79,3,0.23475,2.550072,6.25,11.468,6700,median,9.7,-0.91
62,Jimmy Graham,GBP,TE,4.27175,19,0.25375,0.615279,3.21,11.2365,5800,median,6.5,-2.22825
66,Kyle Rudolph,MIN,TE,4.181,20,0.337,0.9607248,2.4409,5.8745,4500,median,0,4.181
68,Lance Kendricks,LAC,TE,0.42175,79,0.0275,0.2386986,0.2716,1.606,4400,median,1.6,-1.17825
73,Lee Smith,BUF,TE,0.574,75,0.03675,0.4084563,0.118,1.005,4000,median,0,0.574
74,Charles Clay,ARI,TE,1.92375,40,0.02675,0.919212,0.9485,4.1595,4500,median,0,1.92375
76,Virgil Green,LAC,TE,0.72,66,0.024,0.0548562,0.6105,0.9575,4000,median,0,0.72
87,Derek Carrier,OAK,TE,0.8305,61,0.02,0.4010433,0.46475,1.20525,4000,median,0,0.8305
92,Garrett Celek,SFO,TE,0.763,64,0.0275,0.3306198,0.2215,1.465,4000,median,0,0.763
108,Travis Kelce,KCC,TE,11.5095,1,2.3,1.119363,9.938,13.752,7100,median,5.3,6.2095
109,Zach Ertz,PHI,TE,8.533,5,0.84,1.393644,4.476,11.744,6900,median,10.9,-2.367
110,Tyler Eifert,CIN,TE,3.392,25,0.141,0.6160203,2.614,4.17225,4700,mean,3.91,-0.518
111,Vance McDonald,PIT,TE,3.833,22,0.3845,0.237216,1.98,4.289,5000,mean,5.16,-1.327
112,Darren Fells,HOU,TE,4.3595,18,0.133125,0.8035692,3.5983,8.4,4700,mean,3.91,0.4495
116,Ryan Griffin,NYJ,TE,5.7425,10,0.70875,1.0044615,4.80835,8.814,5600,median,5.45,0.2925
117,Ryan Griffin,NYJ,TE,5.7425,10,0.70875,1.0044615,4.80835,8.814,6000,median,6.4,-0.6575
120,Demetrius Harris,CLE,TE,1.674,46,0.12,0.555975,0.998,2.27,4500,median,0,1.674
123,Jack Doyle,IND,TE,6.5615,9,1.131,1.215732,5.13305,10.5905,5000,mean,5.16,1.4015
124,Josh Hill,NOS,TE,1.75675,45,0.10775,0.9325554,0.839,2.5717,4500,median,0,1.75675
128,Logan Thomas,DET,TE,1.484,48,0.1765,0.3254307,1.10775,1.9375,4700,mean,3.91,-2.426
149,Cameron Brate,TBB,TE,3.489,23,0.089,0.3647196,2.9783,4.317,5000,mean,5.16,-1.671
170,Maxx Williams,ARI,TE,1.624,47,0.2245,0.437367,0.627,2.075,4400,median,1.6,0.024
171,Nick O'Leary,JAC,TE,2.0515,37,0.037,0.5885922,0.6165,2.765,4800,mean,3.76,-1.7085
172,Jeff Heuerman,DEN,TE,1.225,51,0.056625,0.7672455,0.47125,2.1025,4200,mean,2.04,-0.815
173,Ben Koyack,JAC,TE,0.6415,73,0.05475,0.1912554,0.248,1.2488,4000,median,0,0.6415
174,Jesse James,DET,TE,1.174,52,0.045875,0.2639028,0.86175,1.6275,4000,median,0,1.174
175,Tyler Kroft,BUF,TE,1.782,44,0.066625,0.4269888,1.2429,2.389,4500,median,0,1.782
176,Blake Bell,KCC,TE,0.368,81,0.09575,0.3269133,0.105,0.61825,4000,median,0,0.368
179,Darren Waller,OAK,TE,7.626,7,0.879,0.3395154,6.84,7.9262,6100,median,8,-0.374
181,MyCole Pruitt,TEN,TE,0.663,72,0.0425,0.4418148,0.2385,1.70825,4300,mean,2.23,-1.567
182,C.J. Uzomah,CIN,TE,1.995,39,0.078625,0.726474,1.2,3.00725,4300,mean,2.23,-0.235
184,Nick Boyle,BAL,TE,2.3165,33,0.0725,0.6642048,1.052,3.1362,4800,mean,3.76,-1.4435
194,Daniel Brown,NYJ,TE,1.0935,54,0.039,0.7954149,0.01175,1.885,4300,mean,2.23,-1.1365
195,Matt LaCosse,NEP,TE,1.885,42,0.08525,0.607866,1.02425,2.4275,4200,mean,2.04,-0.155
221,Hunter Henry,LAC,TE,8.5775,4,0.431,0.763539,7.204,12.088,6600,median,7.3,1.2775
222,Tyler Higbee,LAR,TE,4.691,15,0.1095,0.3365502,4.02,5.2623,5500,mean,7.67,-2.979
223,Nick Vannett,PIT,TE,0.751,65,0.041,0.3662022,0.35475,1.0235,4000,median,0,0.751
224,Joshua Perkins,PHI,TE,0.6915,69,0.01875,0.2727984,0.0776,1.322,4000,median,0,0.6915
240,Chris Manhertz,CAR,TE,0.14375,84,0.13475,0.14826,0.007,0.334,4000,median,0,0.14375
265,O.J. Howard,TBB,TE,3.408,24,0.0635,0.7413,1.788,4.2443,4800,mean,3.76,-0.352
267,Jonnu Smith,TEN,TE,4.735286082,14,0.069786082,0.81543,3.549,5.196221649,5300,median,4.7,0.035286082
268,Jeremy Sprinkle,WAS,TE,2.248,34,0.072,0.4143867,1.8375,2.80975,4500,median,0,2.248
271,Mo Alie-Cox,IND,TE,1.909,41,0.05775,0.407715,1.04275,2.3375,4000,median,0,1.909
275,George Kittle,SFO,TE,9.629,2,0.94525,1.4914956,7.022,12.2612,7000,median,13.25,-3.621
281,Ricky Seals-Jones,CLE,TE,2.034,38,0.074625,1.0541286,1.0535,3.22325,4800,mean,3.76,-1.726
283,Jacob Hollister,SEA,TE,4.949,12,0.165481959,0.155673,4.1829,5.4199,5500,mean,7.67,-2.721
284,Darrell Daniels,ARI,TE,0.5185,77,0.088875,0.37065,0.1158,1.0445,4000,median,0,0.5185
289,Robert Tonyan,GBP,TE,0.9235,58,0.02975,0.2172009,0.54175,1.4925,4000,median,0,0.9235
331,Mark Andrews,BAL,TE,7.76,6,0.48075,1.8584391,5.9265,10.90085,6500,median,7.4,0.36
332,Mike Gesicki,MIA,TE,4.64,16,0.19875,0.266868,3.1155,5.2708,5000,mean,5.16,-0.52
333,Troy Fumagalli,DEN,TE,0.6805,70,0.0165,0.3573066,0.302,1.1122,4300,mean,2.23,-1.5495
334,Dallas Goedert,PHI,TE,5.1185,11,0.228125,0.6071247,4.2141,5.94135,5200,median,5,0.1185
335,Tyler Conklin,MIN,TE,0.5995,74,0.0345,0.2876244,0.3025,0.84425,4000,median,0,0.5995
336,Durham Smythe,MIA,TE,0.692,68,0.006,0.3135699,0.21,1.884,4000,median,0,0.692
337,Ian Thomas,CAR,TE,1.069,55,0.05125,0.5989704,0.363,1.8235,4000,median,0,1.069
338,Hayden Hurst,BAL,TE,1.8175,43,0.048125,0.29652,1.558,2.2414,4500,median,0,1.8175
339,Blake Jarwin,DAL,TE,2.8045,29,0.196125,0.1193493,2.59175,3.00225,4800,mean,3.76,-0.9555
341,Jordan Akins,HOU,TE,2.48425,31,0.143,0.326172,1.8689,2.842,4900,median,3.3,-0.81575
342,Dalton Schultz,DAL,TE,0.2705,83,0.193625,0.133434,0.089,0.5825,4000,median,0,0.2705
364,Anthony Firkser,TEN,TE,2.112,36,0.06925,0.348411,1.295,2.4825,5000,mean,5.16,-3.048
365,Johnny Mundt,LAR,TE,0.8785,60,0.05425,0.5203926,0.4126,1.466,4000,median,0,0.8785
369,Ross Dwelley,SFO,TE,0.9955,57,0.07925,0.385476,0.4818,2.0303,5300,median,4.7,-3.7045
410,Noah Fant,DEN,TE,4.523,17,0.207375,0.600453,3.682,5.41785,5100,mean,5.92,-1.397
411,T.J. Hockenson,DET,TE,2.9715,28,0.203,0.415128,1.9975,3.47365,4700,mean,3.91,-0.9385
412,Jace Sternberger,GBP,TE,0.665,71,0.01275,0.192738,0.5415,1.2845,4000,median,0,0.665
413,Irv Smith Jr.,MIN,TE,3.205,27,0.317,0.6093486,2.454,4.5457,5100,mean,5.92,-2.715
414,Kaden Smith,NYG,TE,3.855,21,0.194,0.637518,2.5575,5.6975,4000,median,0,3.855
415,Dawson Knox,BUF,TE,3.297,26,0.20875,0.578214,2.7775,3.7375,4500,median,0,3.297
416,Isaac Nauta,DET,TE,0.556,76,0.078,0.0118608,0.3542,0.6692,4000,median,0,0.556
419,Trevon Wesco,NYJ,TE,0.4205,80,0.0995,0.4284714,0.1182,0.722,4000,median,0,0.4205
420,Foster Moreau,OAK,TE,2.366,32,0.08375,0.474432,1.79,2.88,4700,mean,3.91,-1.544
426,Andrew Beck,DEN,TE,0.274,82,0.066875,0.0934038,0.2065,0.7274,4200,mean,2.04,-1.766
438,Hale Hentges,WAS,TE,0.4375,78,0.016375,0.044478,0.406,0.487,4000,median,0,0.4375
0,Buffalo Bills,BUF,DST,5.5275,28,0.31125,1.393644,4.276,6.6655,4000,median,5,0.5275
1,Indianapolis Colts,IND,DST,7.1975,11,0.12,0.7413,6.054,7.817,4300,median,5,2.1975
2,Miami Dolphins,MIA,DST,5.8375,26,0.2025,0.311346,5.32375,5.8925,3300,median,4,1.8375
3,New England Patriots,NEP,DST,8.005,3,0.0725,1.03782,6.958,9.866,4900,median,8,0.005
4,New York Jets,NYJ,DST,7.8175,6,0.40125,0.837669,6.89875,9.6,4900,median,8,-0.1825
5,Cincinnati Bengals,CIN,DST,6.655,19,0.03,0.481845,5.1,7.6625,3500,median,5,1.655
6,Cleveland Browns,CLE,DST,7.1625,12,0.20875,0.348411,6.3395,7.22,4600,median,6,1.1625
7,Tennessee Titans,TEN,DST,6.11,24,0.16625,0.59304,5.36,7.025,4100,median,6,0.11
8,Jacksonville Jaguars,JAC,DST,7.9275,5,0.29125,0.311346,6.963,9.3,4400,mean,6.88,1.0475
9,Pittsburgh Steelers,PIT,DST,7.3775,8,0.0525,0.51891,6.475,8.91,3700,median,6,1.3775
10,Denver Broncos,DEN,DST,6.185,23,0.105,0.29652,5.459,6.68,4400,mean,6.88,-0.695
11,Kansas City Chiefs,KCC,DST,6.6175,21,0.365,0.59304,5.675,7.225,4200,median,6,0.6175
12,Oakland Raiders,OAK,DST,5.025,31,,0.363237,4.4625,6.0975,3100,median,3,2.025
13,Los Angeles Chargers,LAC,DST,6.9,15,0.14,0.7413,5.765,7.4,3900,median,6,0.9
14,Seattle Seahawks,SEA,DST,6.05,25,0.26,0.800604,5.433,6.97,3700,median,6,0.05
15,Dallas Cowboys,DAL,DST,6.7475,18,0.10375,0.481845,4.96,7.485,4200,median,6,0.7475
16,New York Giants,NYG,DST,5.3875,29,0.3525,0.533736,4.6475,6.62375,3000,median,4,1.3875
17,Philadelphia Eagles,PHI,DST,8.4275,2,0.45625,0.07413,7.3835,9.87,5000,median,8,0.4275
18,Arizona Cardinals,ARI,DST,5.7425,27,0.285,0.044478,5.4775,5.87125,3500,median,5,0.7425
19,Washington Redskins,WAS,DST,6.9925,13,0.085,1.0267005,5.69125,8.25,3200,mean,5.87,1.1225
20,Chicago Bears,CHI,DST,7.455,7,0.095,0.088956,5.955,8.423,5000,median,8,-0.545
21,Detroit Lions,DET,DST,6.765,16,0.01375,0.378063,6.3625,7.225,4400,mean,6.88,-0.115
22,Green Bay Packers,GBP,DST,7.9375,4,0.065,0.785778,6.9295,8.69,4800,median,8,-0.0625
23,Minnesota Vikings,MIN,DST,6.755,17,0.05375,0.681996,5.801,7.468,3600,median,5.5,1.255
24,Tampa Bay Buccaneers,TBB,DST,6.32,22,0.1725,1.386231,5.1875,7.675,3800,median,4,2.32
25,Atlanta Falcons,ATL,DST,4.695,32,,0.289107,3.6525,5.34,3200,mean,5.87,-1.175
26,Carolina Panthers,CAR,DST,8.7325,1,0.51625,0.7413,7.8825,9.45,4700,median,7,1.7325
27,Los Angeles Rams,LAR,DST,7.3425,9,0.09,0.66717,6.677,7.91,4100,median,6,1.3425
28,New Orleans Saints,NOS,DST,7.3075,10,0.1275,0.029652,6.522,7.93,4700,median,7,0.3075
29,San Francisco 49ers,SFO,DST,6.6325,20,0.16375,0.81543,5.5025,8.05,3800,median,4,2.6325
30,Baltimore Ravens,BAL,DST,6.915,14,0.0825,0.59304,6.206,8.61,4000,median,5,1.915
31,Houston Texans,HOU,DST,5.045,30,0.185,0.429954,4.355,5.7825,3200,mean,5.87,-0.825
